Designator,Mid X,Mid Y,Rotation,Layer
B1,-0.518493,4.2693,173.0,bottom
B2,-0.332793,4.1,7.0,top
TP1,-20.478427168866737,0.6794656407148242,10.0,bottom
